F1 score,Precision,Recall
0.48856511614020415,0.3283053846802056,0.9523343925690541
