F1 score,Precision,Recall

0.5600870734361996,0.39947017447702565,0.936202098051809

