F1 score,Precision,Recall
0.528305507580119,0.399159054661447,0.7812145289443814
