F1 score,Precision,Recall
0.5006665982976105,0.35377700449470784,0.8552400981423064
