F1 score,Precision,Recall
0.5617386489479513,0.41509819967266776,0.8687647184757011
