F1 score,Precision,Recall
0.48863364441253887,0.32652891184802535,0.957956489855781
